新增产品ID,产品名称,知音漫画
D0000001,,
D0000003,,
D0000004,,
D0000005,,
D0000006,,
D0000007,,
D0000008,,
D0000009,,
D0000010,,
D0000011,,
D0000012,,https://www.zymk.cn/146/
D0000013,,
D0000014,,https://www.zymk.cn/1484/
D0000015,,
D0000016,,
D0000017,,
D0000018,,
D0000019,,
D0000020,,
D0000021,,https://www.zymk.cn/1/
D0000022,,
D0000023,,
D0000024,,
D0000025,,https://www.zymk.cn/933/
D0000026,,
D0000027,,
D0000028,,
D0000029,,
D0000030,,
D0000031,,
D0000032,,
D0000033,,
D0000034,,
D0000035,,
D0000036,,https://www.zymk.cn/889/
D0000037,,
D0000038,,
D0000039,,
D0000040,,
D0000041,,
D0000042,,
D0000043,,
D0000044,,https://www.zymk.cn/2/
D0000045,,
D0000046,,
D0000047,,
D0000048,,
D0000049,,
D0000050,,
D0000051,,
D0000052,,
D0000053,,
D0000054,,
D0000055,,
D0000056,,
D0000057,,https://www.zymk.cn/2100/
D0000059,,
D0000060,,https://www.zymk.cn/1482/
D0000061,,
D0000062,,
D0000064,,
D0000065,,
D0000067,,
D0000068,,
D0000069,,
D0000071,,
D0000072,,
D0000073,,
D0000074,,
D0000075,,
D0000077,,
D0000078,,
D0000079,,https://www.zymk.cn/1004/
D0000080,,
D0000081,,
D0000082,,https://www.zymk.cn/1458/
D0000083,,
D0000084,,
D0000085,,
D0000086,,
D0000087,,https://www.zymk.cn/1613/
D0000088,,
D0000089,,https://www.zymk.cn/1008/
D0000090,,
D0000092,,
D0000096,,
D0000097,,
D0000099,,
D0000100,,
D0000101,,
D0000102,,
D0000103,,
D0000106,,
D0000107,,https://www.zymk.cn/972/
D0000108,,
D0000109,,
D0000110,,
D0000111,,
D0000112,,
D0000113,,
D0000114,,
D0000115,,
D0000116,,
D0000117,,
D0000118,,
D0000119,,
D0000120,,
D0000121,,
D0000122,,
D0000123,,
D0000124,,
D0000125,,
D0000126,,
D0000127,,
D0000128,,
D0000129,,
D0000130,,
D0000131,,
D0000132,,
D0000133,,
D0000134,,
D0000135,,
D0000136,,
D0000137,,
D0000138,,
D0000139,,
D0000140,,
D0000141,,
D0000142,,https://www.zymk.cn/609/
D0000143,,https://www.zymk.cn/101/
D0000144,,https://www.zymk.cn/145/
D0000145,,https://www.zymk.cn/857/
D0000146,,https://www.zymk.cn/584/
D0000147,,https://www.zymk.cn/1441/
D0000148,,https://www.zymk.cn/845/
D0000149,,
D0000150,,
D0000151,,
D0000152,,
D0000153,,
D0000154,,
D0000155,,
D0000157,,
D0000158,,
D0000159,,
D0000160,,
D0000161,,
D0000162,,
D0000163,,
D0000164,,
D0000165,,
D0000166,,
D0000167,,
D0000169,,
D0000170,,
D0000171,,
D0000172,,
D0000173,,
D0000175,,
D0000176,,
D0000177,,
D0000178,,
D0000179,,
D0000180,,
D0000181,,
D0000182,,
D0000183,,
D0000184,,
D0000185,,
D0000186,,
D0000187,,
D0000188,,
D0000189,,
D0000190,,
D0000191,,
D0000192,,
D0000193,,
D0000194,,
D0000195,,
D0000197,,
D0000199,,
D0000200,,
D0000201,,
D0000202,,
D0000203,,
D0000204,,
D0000205,,
D0000206,,
D0000207,,
D0000208,,
D0000210,DOLO命运胶囊,
D0000211,奥拉星・平行宇宙,
D0000212,城市王子与土著少女,
D0000213,丑女的后宫法则,
D0000214,穿越西元3000后,https://www.zymk.cn/100/
D0000215,当校霸爱上学霸,
D0000216,厄运之王,
D0000217,给我哭,
D0000218,攻略妖男的一万种姿势,
D0000219,诡异奇谈,
D0000220,过度接触,
D0000221,化龙记,
D0000222,恋是樱草色,
D0000223,六月的不可思议,
D0000224,魔道祖师,
D0000225,魔王老公欠调教,
D0000226,女子学院的男生,https://www.zymk.cn/1344/
D0000227,前任战争,
D0000228,杀手古德,
D0000229,沈升,
D0000230,嗜谎之神,https://www.zymk.cn/2123/
D0000231,王牌校草,https://www.zymk.cn/850/
D0000232,王爷不要啊,
D0000233,我家少主计无双,
D0000234,吾凰在上,
D0000235,雪国,
D0000236,一代灵后,
D0000237,一言不合就吸血,
D0000238,永恒至尊,https://www.zymk.cn/2113/
D0000239,宇宙琴未响,
D0000240,灶神4917,
D0000241,泽上寂寞萤火,
D0000242,重生之都市修仙,
D0000243,重生只为睡影帝,
D0000244,驭灵师,https://www.zymk.cn/861/
D0000245,麻辣千金斗恶少,
D0000246,爱神巧克力进行时,
D0000247,恋上一屋吸血鬼,
D0000248,铁姬钢兵,
D0000249,成也萧河,
D0000250,闪恋薄荷糖,
D0000251,狼的谎言,
D0000252,别闹！我想静静……,
D0000253,第五人格漫画,
D0000254,空心恋人,
D0000255,邪君宠-貂蝉,https://www.zymk.cn/2214/
D0000256,血族禁域,https://www.zymk.cn/144/
D0000257,寻找前世之旅,https://www.zymk.cn/102/
D0000258,九九八十一,https://www.zymk.cn/28/
D0000259,赤色四叶草,
D0000260,成也萧何,
D0000261,爱上傲娇龙王爷,
D0000262,妖言惑道,
D0000263,最强反套路系统,
D0000264,贺少的闪婚暖妻,
D0000265,武拳,
D0000266,我在末世有套房,
D0000267,我在皇宫当巨巨,
D0000268,街球江湖,
D0000269,逍遥法外,
D0000270,爱我吧，苏东坡,
D0000271,王爷不好婚,
D0000272,女装大佬养成记,
D0000273,亲吻不等于恋爱,
D0000274,球娘,
D0000275,恋爱吧！勇者小黄鱼,
D0000276,锁龙,
D0000277,偷星九月天,https://www.zymk.cn/38/
D0000278,渐近的心跳,
D0000279,30岁男子物语,
D0000280,黑夜有所斯,
D0000281,贩卖大师,
D0000282,未来重启,
D0000283,怪奇笔记,
D0000284,我是大神仙,
D0000285,被废弃的皇妃,
D0000286,地府我开的,https://www.zymk.cn/2184/
D0000287,伞少女梦谈,
D0000288,食鬼大掌柜,
D0000289,控妹狂战记,https://www.zymk.cn/2133/
D0000290,神厨狂后,
D0000291,尚善,
D0000292,元尊,https://www.zymk.cn/1966/
