新增产品ID,产品名称,网易漫画
D0000014,,https://manhua.163.com/source/4566399073990126076
D0000025,,https://manhua.163.com/source/4446410884720093254
D0000036,,https://manhua.163.com/source/4439462677380120254
D0000042,,https://manhua.163.com/source/5342304845470013843
D0000044,,https://manhua.163.com/source/4573238801760108343
D0000057,,https://manhua.163.com/source/4316808069910049882
D0000060,,https://manhua.163.com/source/4575652634430119942
D0000061,,https://manhua.163.com/source/4576012710570106952
D0000074,,https://manhua.163.com/source/4316965916260067385
D0000075,,https://manhua.163.com/source/4350534790310120205
D0000077,,https://manhua.163.com/source/5122050437400118521
D0000079,,https://manhua.163.com/source/4604056220880119069
D0000082,,https://manhua.163.com/source/4802575576370123711
D0000084,,https://manhua.163.com/source/4375742738710109386
D0000087,,https://manhua.163.com/source/4584976774550093881
D0000088,,https://manhua.163.com/source/4930143207650344169
D0000089,,https://manhua.163.com/source/4615324882390118138
D0000099,,https://manhua.163.com/source/4827201173070354397
D0000107,,https://manhua.163.com/source/4891040955760352729
D0000155,,https://manhua.163.com/source/5108295818580343008
D0000210,DOLO命运胶囊,
D0000211,奥拉星・平行宇宙,https://manhua.163.com/source/5312846493810075435
D0000211,,https://manhua.163.com/source/5312846493810075435
D0000212,城市王子与土著少女,
D0000213,丑女的后宫法则,
D0000214,穿越西元3000后,
D0000215,当校霸爱上学霸,
D0000216,厄运之王,https://manhua.163.com/source/4771945676810120861
D0000216,,https://manhua.163.com/source/4771945676810120861
D0000217,给我哭,
D0000218,攻略妖男的一万种姿势,
D0000219,诡异奇谈,https://manhua.163.com/source/4317064958460058888
D0000219,,https://manhua.163.com/source/4317064958460058888
D0000220,过度接触,
D0000221,化龙记,
D0000222,恋是樱草色,
D0000223,六月的不可思议,
D0000224,魔道祖师,
D0000225,魔王老公欠调教,
D0000226,女子学院的男生,https://manhua.163.com/source/4947662278590158493
D0000226,,https://manhua.163.com/source/4947662278590158493
D0000227,前任战争,
D0000228,杀手古德,https://manhua.163.com/source/4317076104890059052
D0000228,,https://manhua.163.com/source/4317076104890059052
D0000229,沈升,
D0000230,嗜谎之神,https://manhua.163.com/source/4316808069920053167
D0000230,,https://manhua.163.com/source/4316808069920053167
D0000231,王牌校草,https://manhua.163.com/source/4639712296520113040
D0000231,,https://manhua.163.com/source/4639712296520113040
D0000232,王爷不要啊,
D0000233,我家少主计无双,https://manhua.163.com/source/5149063881130114550
D0000233,,https://manhua.163.com/source/5149063881130114550
D0000234,吾凰在上,
D0000235,雪国,
D0000236,一代灵后,
D0000237,一言不合就吸血,
D0000238,永恒至尊,https://manhua.163.com/source/4828421593230128690
D0000238,,https://manhua.163.com/source/4828421593230128690
D0000239,宇宙琴未响,
D0000240,灶神4917,
D0000241,泽上寂寞萤火,
D0000242,重生之都市修仙,
D0000243,重生只为睡影帝,
D0000244,驭灵师,https://manhua.163.com/source/4618239389800097226
D0000244,,https://manhua.163.com/source/4618239389800097226
D0000245,麻辣千金斗恶少,
D0000246,爱神巧克力进行时,
D0000247,恋上一屋吸血鬼,
D0000248,铁姬钢兵,
D0000249,成也萧河,
D0000250,闪恋薄荷糖,
D0000251,狼的谎言,
D0000252,别闹！我想静静……,
D0000253,第五人格漫画,https://manhua.163.com/source/5248055193050118808
D0000253,,https://manhua.163.com/source/5248055193050118808
D0000254,空心恋人,
D0000255,邪君宠-貂蝉,
D0000256,血族禁域,
D0000257,寻找前世之旅,
D0000258,九九八十一,https://manhua.163.com/source/5154804469500517971
D0000258,,https://manhua.163.com/source/5154804469500517971
D0000259,赤色四叶草,
D0000260,成也萧何,
D0000261,爱上傲娇龙王爷,
D0000262,妖言惑道,
D0000263,最强反套路系统,
D0000264,贺少的闪婚暖妻,
D0000265,武拳,
D0000266,我在末世有套房,
D0000267,我在皇宫当巨巨,https://manhua.163.com/source/4844371285780343897
D0000268,街球江湖,https://manhua.163.com/source/5308467837720025004
D0000269,逍遥法外,https://manhua.163.com/source/5119647669120515326
D0000270,爱我吧，苏东坡,https://manhua.163.com/source/4961322651750342291
D0000271,王爷不好婚,https://manhua.163.com/source/4806799487140116827
D0000272,女装大佬养成记,https://manhua.163.com/source/5179627218700125502
D0000273,亲吻不等于恋爱,https://manhua.163.com/source/5190386598070111420
D0000274,球娘,
D0000275,恋爱吧！勇者小黄鱼,
D0000276,锁龙,
D0000277,偷星九月天,https://manhua.163.com/source/4920179441830512120
D0000278,渐近的心跳,
D0000279,30岁男子物语,
D0000280,黑夜有所斯,
D0000281,贩卖大师,
D0000282,未来重启,
D0000283,怪奇笔记,
D0000284,我是大神仙,
D0000285,被废弃的皇妃,
D0000286,地府我开的,https://manhua.163.com/source/5167763607500501576
D0000287,伞少女梦谈,https://manhua.163.com/source/5368993492490014403
D0000288,食鬼大掌柜,https://manhua.163.com/source/5136422904690117042
D0000289,控妹狂战记,https://manhua.163.com/source/4751245936130130207
D0000290,神厨狂后,https://manhua.163.com/source/5223749820310359280
D0000291,尚善,
D0000292,元尊,https://manhua.163.com/source/5120932159120128638
D0000293,双生灵探,
D0000294,大叔诡电台,https://manhua.163.com/source/5414625992260061264
D0000295,披着狼皮的羊,
D0000296,蝉女,
D0000297,花颜策,
D0000298,私人英雄,
D0000299,打开男神的正确姿势,https://manhua.163.com/source/5232441787740344351
D0000300,感谢你是爱我的,
